,日期,收盘价(元)
0,2015/02/09,34.6277868152056
1,2015/02/10,33.2237586527525
2,2015/02/11,29.4587861543083
3,2015/02/12,25.64461091205
4,2015/02/13,22.1010489031484
5,2015/02/16,22.8367829851981
6,2015/02/17,23.7029600536893
7,2015/02/25,25.1718906825975
8,2015/02/26,25.4302867710738
9,2015/02/27,26.0181145965538
10,2015/03/02,27.5313660149967
11,2015/03/03,27.1315463879401
12,2015/03/04,26.1823039698941
13,2015/03/05,25.2459351273661
14,2015/03/06,24.861942784871
15,2015/03/09,25.7402760790113
16,2015/03/10,24.6239843686913
17,2015/03/11,24.0633466779554
18,2015/03/12,23.8755195864431
19,2015/03/13,23.9628514905732
20,2015/03/16,24.9804842589667
21,2015/03/17,24.7473211910153
22,2015/03/18,25.0416551058479
23,2015/03/19,26.1210137778155
24,2015/03/20,26.7280748701654
25,2015/03/23,28.9640331479784
26,2015/03/24,29.4521520011802
27,2015/03/25,28.204897815801
28,2015/03/26,28.2756249120926
29,2015/03/27,28.8747204625413
30,2015/03/30,29.884694264606
31,2015/03/31,30.3961051014107
32,2015/04/01,31.5945581339088
33,2015/04/02,33.809740800028
34,2015/04/03,34.0460646311918
35,2015/04/07,34.8611674527144
36,2015/04/08,36.1868788690683
37,2015/04/09,38.8323028590398
38,2015/04/10,38.3504529858482
39,2015/04/13,39.6200624519311
40,2015/04/14,40.8322544446769
41,2015/04/15,41.4582388760612
42,2015/04/16,41.4393488904564
43,2015/04/17,46.1674733277748
44,2015/04/20,50.7087622074925
45,2015/04/21,48.5085471651907
46,2015/04/22,45.5562369953597
47,2015/04/23,45.8565174602689
48,2015/04/24,45.9235194742907
49,2015/04/27,45.842811909937
50,2015/04/28,45.3012855472042
51,2015/04/29,45.0214234168194
52,2015/04/30,44.6182053093077
53,2015/05/04,44.2039273469122
54,2015/05/05,42.3455108772351
55,2015/05/06,42.5108063720823
56,2015/05/07,43.9526845455724
57,2015/05/08,43.1711921145361
58,2015/05/11,43.1568884691756
59,2015/05/12,43.281701925867
60,2015/05/13,42.9428754899323
61,2015/05/14,41.7243695454993
62,2015/05/15,37.2773831843997
63,2015/05/18,34.0082155492255
64,2015/05/19,35.0481840227074
65,2015/05/20,38.3178018231565
66,2015/05/21,39.2282890824785
67,2015/05/22,41.8663854260392
68,2015/05/25,45.9811499403154
69,2015/05/26,46.5022116054829
70,2015/05/27,48.1069434981018
71,2015/05/28,46.2023813401356
72,2015/05/29,46.0872864376005
73,2015/06/01,48.0749870671583
74,2015/06/02,49.6236918281177
75,2015/06/03,49.9333678060959
76,2015/06/04,49.0310493607636
77,2015/06/05,49.2442104817209
78,2015/06/08,49.1878467362422
79,2015/06/09,51.2103444958125
80,2015/06/10,51.3579434063603
81,2015/06/11,52.9252462023518
82,2015/06/12,53.6485930989575
83,2015/06/15,50.37464084753
84,2015/06/16,49.1359009617904
85,2015/06/17,48.6325282959415
86,2015/06/18,51.6375144475847
87,2015/06/19,58.9836566618291
88,2015/06/23,52.8699012518718
89,2015/06/24,52.9279145624079
90,2015/06/25,49.6882926693567
91,2015/06/26,63.4414394253432
92,2015/06/29,74.3054626718549
93,2015/06/30,64.3355293121513
94,2015/07/01,61.9229822209727
95,2015/07/02,65.0546056988167
96,2015/07/03,66.5882778559274
97,2015/07/06,67.1343657300093
98,2015/07/07,59.6329896616461
99,2015/07/08,67.2857530931037
100,2015/07/09,60.4764966113257
101,2015/07/10,58.1972941371799
102,2015/07/13,57.5373599886825
103,2015/07/14,53.1408406943969
104,2015/07/15,48.1873286490419
105,2015/07/16,43.2108933062624
106,2015/07/17,35.3521733386115
107,2015/07/20,38.5219705416443
108,2015/07/21,39.6635230867621
109,2015/07/22,34.0852645029833
110,2015/07/23,30.4083938909519
111,2015/07/24,30.9573596384206
112,2015/07/27,37.4930158650063
113,2015/07/28,42.4775395108867
114,2015/07/29,44.0225244524649
115,2015/07/30,42.7860848525163
116,2015/07/31,42.27403948762
117,2015/08/03,42.0500035319134
118,2015/08/04,39.2373491461785
119,2015/08/05,39.2688123846219
120,2015/08/06,41.1071717551331
121,2015/08/07,39.2626957260622
122,2015/08/10,38.7087292999549
123,2015/08/11,38.2787250837928
124,2015/08/12,37.8937055194192
125,2015/08/13,37.4625728303022
126,2015/08/14,37.6086973811031
127,2015/08/17,37.9861553012073
128,2015/08/18,38.0105517477943
129,2015/08/19,37.7185877267858
130,2015/08/20,39.2905456313375
131,2015/08/21,39.1597597599209
132,2015/08/24,68.420614212839
133,2015/08/25,82.6922014506495
134,2015/08/26,79.0257878540407
135,2015/08/27,64.8558358630607
136,2015/08/28,64.5476456611886
137,2015/08/31,68.3179963613592
138,2015/09/01,70.9793067217644
139,2015/09/02,68.5102429276054
140,2015/09/07,66.8917521330862
141,2015/09/08,49.7757871687056
142,2015/09/09,46.8052045994243
143,2015/09/10,42.2638109369961
144,2015/09/11,41.253037319524
145,2015/09/14,42.6677132225341
146,2015/09/15,46.2061879018448
147,2015/09/16,42.1365128710064
148,2015/09/17,41.5375668035037
149,2015/09/18,40.0129709586645
150,2015/09/21,39.924797761852
151,2015/09/22,36.6718251796183
152,2015/09/23,37.5773725061814
153,2015/09/24,36.8132101907091
154,2015/09/25,32.352956708699
155,2015/09/28,29.4984237324249
156,2015/09/29,28.621645682163
157,2015/09/30,28.772837595263
158,2015/10/08,31.21608963878
159,2015/10/09,29.6498493305322
160,2015/10/12,31.2075123127832
161,2015/10/13,31.357488046905
162,2015/10/14,30.8038619482269
163,2015/10/15,28.6937619836346
164,2015/10/16,28.4491460374968
165,2015/10/19,29.493929612718
166,2015/10/20,30.2846012058321
167,2015/10/21,31.3883914477521
168,2015/10/22,30.4399247163396
169,2015/10/23,28.2497965148194
170,2015/10/26,30.9473048296273
171,2015/10/27,28.8563580604088
172,2015/10/28,29.4401180605612
173,2015/10/29,29.3330265923543
174,2015/10/30,26.1758759666314
175,2015/11/02,26.8621800374976
176,2015/11/03,26.9454259322091
177,2015/11/04,27.1154715886183
178,2015/11/05,30.110428262635
179,2015/11/06,30.7882078269643
180,2015/11/09,40.3688846250811
181,2015/11/10,40.9254283249808
182,2015/11/11,37.1453580965445
183,2015/11/12,35.7935276278485
184,2015/11/13,34.8777025832053
185,2015/11/16,35.5742933405011
186,2015/11/17,35.1861700541975
187,2015/11/18,34.1175439090907
188,2015/11/19,33.1136704530103
189,2015/11/20,31.0375516069403
190,2015/11/23,30.2891711259564
191,2015/11/24,28.9523859505533
192,2015/11/25,29.5635284294787
193,2015/11/26,27.8199836729703
194,2015/11/27,33.2021840017195
195,2015/11/30,33.171279085871
196,2015/12/01,32.411016219264
197,2015/12/02,31.0227832300554
198,2015/12/03,31.5626700768202
199,2015/12/04,31.4894118624522
200,2015/12/07,31.0103509597426
201,2015/12/08,31.1001070803179
202,2015/12/09,30.8807158923239
203,2015/12/10,30.8077923107588
204,2015/12/11,30.7080139424913
205,2015/12/14,30.9882719843011
206,2015/12/15,30.1181648128864
207,2015/12/16,29.9876399342166
208,2015/12/17,28.7828369276119
209,2015/12/18,20.6072615078366
210,2015/12/21,24.2582980121452
211,2015/12/22,25.3034723112462
212,2015/12/23,26.4374066879209
213,2015/12/24,26.4292932157398
214,2015/12/25,25.3561963468569
215,2015/12/28,26.0991545596026
216,2015/12/29,25.5404881778103
217,2015/12/30,25.936912332352
218,2015/12/31,26.5927516545434
219,2016/01/04,32.5627134685771
220,2016/01/05,33.5937874195596
221,2016/01/06,32.3093831907444
222,2016/01/07,36.8536396582147
223,2016/01/08,36.4588276521309
224,2016/01/11,39.2467781783634
225,2016/01/12,38.4840328407121
226,2016/01/13,37.7494224680211
227,2016/01/14,38.494555179575
228,2016/01/15,37.5628597642637
229,2016/01/18,37.8506701549571
230,2016/01/19,36.1510567117012
231,2016/01/20,36.4878002970532
232,2016/01/21,36.627907984798
233,2016/01/22,34.6912614930308
234,2016/01/25,34.7313084907152
235,2016/01/26,35.4883493923056
236,2016/01/27,38.0516765178113
237,2016/01/28,38.6578085136134
238,2016/01/29,37.0406996658561
239,2016/02/01,34.7188674565743
240,2016/02/02,32.6568489623219
241,2016/02/03,32.4594213874315
242,2016/02/04,32.1447554956881
243,2016/02/05,33.1532446227693
244,2016/02/15,36.0230576069999
245,2016/02/16,34.7239043525381
246,2016/02/17,33.4692659657673
247,2016/02/18,31.4284002485671
248,2016/02/19,29.332701724758
249,2016/02/22,28.2770924077867
250,2016/02/23,29.4836512118195
251,2016/02/24,29.8451815456518
252,2016/02/25,32.5385056563036
253,2016/02/26,31.0532614377958
254,2016/02/29,32.3547913497174
255,2016/03/01,30.4022682509077
256,2016/03/02,31.1246326047976
257,2016/03/03,31.7705697828733
258,2016/03/04,31.8319363117193
259,2016/03/07,32.9676001213385
260,2016/03/08,32.7402284741806
261,2016/03/09,32.5570416792837
262,2016/03/10,32.6035722062417
263,2016/03/11,32.8256149079888
264,2016/03/14,32.49766537437
265,2016/03/15,32.1070334421459
266,2016/03/16,31.355554465012
267,2016/03/17,29.9471719903739
268,2016/03/18,30.2073846370058
269,2016/03/21,33.1676518565214
270,2016/03/22,33.0787092724158
271,2016/03/23,34.1318189515865
272,2016/03/24,31.6154759136826
273,2016/03/25,28.9623817244616
274,2016/03/28,28.4680176243304
275,2016/03/29,28.843349380654
276,2016/03/30,28.7675400992106
277,2016/03/31,29.4678175850786
278,2016/04/01,29.1259035232053
279,2016/04/05,29.5492357246527
280,2016/04/06,28.83779760423
281,2016/04/07,27.1348860677847
282,2016/04/08,25.9186133917327
283,2016/04/11,25.6160569928289
284,2016/04/12,24.7352974087306
285,2016/04/13,24.6000989335766
286,2016/04/14,24.1416820959451
287,2016/04/15,24.1250092359379
288,2016/04/18,24.0923588345608
289,2016/04/19,23.236848200902
290,2016/04/20,23.5382883163478
291,2016/04/21,22.7661083304186
292,2016/04/22,21.5459647148081
293,2016/04/25,22.3002185893734
294,2016/04/26,22.7749220700938
295,2016/04/27,22.6172188521548
296,2016/04/28,21.3168143717997
297,2016/04/29,20.4213520784827
298,2016/05/03,20.2491565216385
299,2016/05/04,19.6973743299752
300,2016/05/05,19.4216664358864
301,2016/05/06,20.1904873109217
302,2016/05/09,23.2046972709394
303,2016/05/10,21.8152957981475
304,2016/05/11,20.2856563838681
305,2016/05/12,20.2758649377742
306,2016/05/13,19.6057688005962
307,2016/05/16,19.3529972804099
308,2016/05/17,18.905467938049
309,2016/05/18,18.935597885546
310,2016/05/19,18.162751316809
311,2016/05/20,16.9938238590521
312,2016/05/23,16.4814158963133
313,2016/05/24,16.3437990085855
314,2016/05/25,17.0818937316688
315,2016/05/26,15.8171582288657
316,2016/05/27,15.248213764693
317,2016/05/30,15.5914449272462
318,2016/05/31,18.5899162799039
319,2016/06/01,18.1569908897017
320,2016/06/02,17.8871304484059
321,2016/06/03,18.237518751681
322,2016/06/06,18.4628179853449
323,2016/06/07,18.244785721359
324,2016/06/08,18.6331023712794
325,2016/06/13,19.8403201872846
326,2016/06/14,19.1992419744631
327,2016/06/15,16.8711513038366
328,2016/06/16,16.4203753080068
329,2016/06/17,14.1505506421437
330,2016/06/20,15.6664156014554
331,2016/06/21,15.6589118557277
332,2016/06/22,16.4663636495458
333,2016/06/23,17.3822089321422
334,2016/06/24,17.6271341808923
335,2016/06/27,17.2398840946223
336,2016/06/28,16.3905167388847
337,2016/06/29,15.9935992393815
338,2016/06/30,15.5654844411728
339,2016/07/01,15.2319853797775
340,2016/07/04,15.4264691200606
341,2016/07/05,15.6745497468504
342,2016/07/06,15.6737715371553
343,2016/07/07,16.3964069378052
344,2016/07/08,16.3590546680715
345,2016/07/11,16.1608283071934
346,2016/07/12,16.4243127278529
347,2016/07/13,17.1981690978822
348,2016/07/14,16.9385705234467
349,2016/07/15,17.1197295919552
350,2016/07/18,17.7757769987682
351,2016/07/19,17.647374774082
352,2016/07/20,17.4510105583916
353,2016/07/21,17.516895623583
354,2016/07/22,16.8263678618646
355,2016/07/25,16.7915216587114
356,2016/07/26,16.3955597507397
357,2016/07/27,17.0521440645137
358,2016/07/28,15.8373823651174
359,2016/07/29,15.7387972094225
360,2016/08/01,15.7544945759886
361,2016/08/02,15.2667821147386
362,2016/08/03,14.805004773384
363,2016/08/04,14.4512518659438
364,2016/08/05,14.214345559867
365,2016/08/08,14.1586299005109
366,2016/08/09,13.7064991882328
367,2016/08/10,13.7942649477083
368,2016/08/11,13.8617218722733
369,2016/08/12,14.1392502001686
370,2016/08/15,18.5201302326748
371,2016/08/16,16.5512722165041
372,2016/08/17,16.8001846784316
373,2016/08/18,16.9980729328073
374,2016/08/19,17.3986924820155
375,2016/08/22,17.3344194638535
376,2016/08/23,16.6812471797884
377,2016/08/24,16.7544539344708
378,2016/08/25,17.3008770631325
379,2016/08/26,17.0367323231111
380,2016/08/29,17.2717800923083
381,2016/08/30,17.3099123749274
382,2016/08/31,17.8016176886501
383,2016/09/01,17.7827393213653
384,2016/09/02,17.8363258117752
385,2016/09/05,17.9119287656016
386,2016/09/06,17.7863237163253
387,2016/09/07,17.8271393326103
388,2016/09/08,17.3376555199334
389,2016/09/09,16.0936676064334
390,2016/09/12,16.3100163950239
391,2016/09/13,14.952251088552
392,2016/09/14,15.0411261417655
393,2016/09/19,14.7611010259684
394,2016/09/20,14.3396864274213
395,2016/09/21,14.6222779440314
396,2016/09/22,13.4980281310403
397,2016/09/23,12.1638581396493
398,2016/09/26,13.0867788687921
399,2016/09/27,13.181344346995
400,2016/09/28,13.3496379279605
401,2016/09/29,12.2083283672525
402,2016/09/30,13.3526355584754
403,2016/10/10,14.1356958143031
404,2016/10/11,13.40647286341
405,2016/10/12,13.3305243597131
406,2016/10/13,12.989255339084
407,2016/10/14,12.3282913469153
408,2016/10/17,11.9932294905784
409,2016/10/18,12.3114308816417
410,2016/10/19,12.6011750636779
411,2016/10/20,12.2071707019414
412,2016/10/21,11.93999264299
413,2016/10/24,13.0070408136769
414,2016/10/25,13.3308047125735
415,2016/10/26,13.5578344455569
416,2016/10/27,13.2249472214765
417,2016/10/28,13.3400676694698
418,2016/10/31,13.360500450933
419,2016/11/01,13.622133453499
420,2016/11/02,13.9289423513876
421,2016/11/03,15.0108940122081
422,2016/11/04,14.970210752897
423,2016/11/07,16.2845872031562
424,2016/11/08,16.1136401314463
425,2016/11/09,15.5071652862461
426,2016/11/10,14.1683862751503
427,2016/11/11,13.9440247187876
428,2016/11/14,14.6398089644641
429,2016/11/15,14.5331479955161
430,2016/11/16,14.2092336915144
431,2016/11/17,13.8232593549299
432,2016/11/18,12.6198586623812
433,2016/11/21,12.3505763188017
434,2016/11/22,13.0970160011112
435,2016/11/23,13.4993824917241
436,2016/11/24,13.6681397199257
437,2016/11/25,13.5228284285288
438,2016/11/28,15.7882344826286
439,2016/11/29,16.9777699815001
440,2016/11/30,16.9433014806393
441,2016/12/01,16.5639815255876
442,2016/12/02,16.5902719720245
443,2016/12/05,16.7435203400363
444,2016/12/06,16.1219004171098
445,2016/12/07,15.6688193374142
446,2016/12/08,14.4582806454924
447,2016/12/09,14.5962037070456
448,2016/12/12,16.0750410383802
449,2016/12/13,15.8795503832088
450,2016/12/14,16.112681434533
451,2016/12/15,18.3688826068553
452,2016/12/16,16.5379553740379
453,2016/12/19,16.8495578522968
454,2016/12/20,18.5292350142582
455,2016/12/21,17.2820319116986
456,2016/12/22,17.5337087309467
457,2016/12/23,17.0548308214289
458,2016/12/26,17.3070116255769
459,2016/12/27,18.2332995569373
460,2016/12/28,18.1112564169064
461,2016/12/29,17.3347841439296
462,2016/12/30,17.2224691609695
463,2017/01/03,16.3950879742218
464,2017/01/04,15.3634306856822
465,2017/01/05,14.990952253923
466,2017/01/06,14.6813579534804
467,2017/01/09,14.2617095546167
468,2017/01/10,13.8232780717978
469,2017/01/11,13.7318948975107
470,2017/01/12,13.4393644886237
471,2017/01/13,13.1705192887085
472,2017/01/16,13.301955123644
473,2017/01/17,12.1554257261722
474,2017/01/18,11.9652412431886
475,2017/01/19,11.8390546026906
476,2017/01/20,10.5433655971127
477,2017/01/23,11.1712102881408
478,2017/01/24,11.0394358262839
479,2017/01/25,10.916813526804
480,2017/01/26,10.8903413912954
481,2017/02/03,11.9329870780921
482,2017/02/06,12.1318782897591
483,2017/02/07,11.9988560895879
484,2017/02/08,12.3758506152794
485,2017/02/09,12.3124811335649
486,2017/02/10,12.236315829294
487,2017/02/13,12.0483050008835
488,2017/02/14,11.3604264538171
489,2017/02/15,11.071388124778
490,2017/02/16,11.2877592985525
491,2017/02/17,11.3079148967024
492,2017/02/20,12.5866887873829
493,2017/02/21,12.7921164033842
494,2017/02/22,12.5133597823281
495,2017/02/23,11.5227300753809
496,2017/02/24,11.6473048725804
497,2017/02/27,12.1299512431722
498,2017/02/28,11.9758064252418
499,2017/03/01,11.7581604011572
500,2017/03/02,11.788437979396
501,2017/03/03,11.7281926468268
502,2017/03/06,11.4220001890402
503,2017/03/07,11.3613552113406
504,2017/03/08,10.5168723651407
505,2017/03/09,10.6813066687391
506,2017/03/10,10.2995047303169
507,2017/03/13,10.3018234074933
508,2017/03/14,10.3610900299457
509,2017/03/15,11.1041482148565
510,2017/03/16,10.1740265722782
511,2017/03/17,8.20603257834023
512,2017/03/20,8.62752139999836
513,2017/03/21,8.99952519136981
514,2017/03/22,9.13209229145288
515,2017/03/23,8.9836516746147
516,2017/03/24,8.98252642552573
517,2017/03/27,9.79488994663321
518,2017/03/28,9.88738206999339
519,2017/03/29,9.56243298247082
520,2017/03/30,9.5557808464998
521,2017/03/31,9.14429726412895
522,2017/04/05,9.79713723421724
523,2017/04/06,9.66336305911471
524,2017/04/07,9.57959627955114
525,2017/04/10,9.64231291984186
526,2017/04/11,9.51611899429139
527,2017/04/12,9.49755302517662
528,2017/04/13,9.52815852916842
529,2017/04/14,9.9909818966641
530,2017/04/17,9.77797363795768
531,2017/04/18,9.77650026926416
532,2017/04/19,10.1483241022749
533,2017/04/20,9.73521436247906
534,2017/04/21,8.96668700845422
535,2017/04/24,9.6038435318538
536,2017/04/25,9.22374363945268
537,2017/04/26,8.83151317857105
538,2017/04/27,8.68650458852228
539,2017/04/28,8.68105888944423
540,2017/05/02,8.81569493899481
541,2017/05/03,8.7547827528561
542,2017/05/04,8.67258426622637
543,2017/05/05,8.89649869907264
544,2017/05/08,8.97540102787433
545,2017/05/09,8.60325713256288
546,2017/05/10,8.14639791522041
547,2017/05/11,8.32709970970601
548,2017/05/12,8.42254741280401
549,2017/05/15,8.72497099728844
550,2017/05/16,8.67208936753799
551,2017/05/17,8.27023456447339
552,2017/05/18,8.22822690252159
553,2017/05/19,8.74560240785647
554,2017/05/22,8.6804549822269
555,2017/05/23,9.45096176199841
556,2017/05/24,9.4829330288282
557,2017/05/25,12.9250610227351
558,2017/05/26,10.97436254283
559,2017/05/31,12.4263082201108
560,2017/06/01,12.5676699668128
561,2017/06/02,12.70726803305
562,2017/06/05,12.2237728575088
563,2017/06/06,12.2679722606761
564,2017/06/07,13.8048036677204
565,2017/06/08,14.3514380038386
566,2017/06/09,15.5101219368439
567,2017/06/12,15.9185223547617
568,2017/06/13,15.4973228537402
569,2017/06/14,14.5975741410987
570,2017/06/15,13.8949564724458
571,2017/06/16,13.1860840906942
572,2017/06/19,13.8263754230965
573,2017/06/20,14.0686990101585
574,2017/06/21,13.4351214705725
575,2017/06/22,13.8471539116295
576,2017/06/23,14.3979648142896
577,2017/06/26,15.5875267340217
578,2017/06/27,15.0873262105385
579,2017/06/28,15.2132627672408
580,2017/06/29,14.7944389557684
581,2017/06/30,14.6854610387807
582,2017/07/03,14.1510211317728
583,2017/07/04,13.2500040503908
584,2017/07/05,14.6010250770411
585,2017/07/06,14.2227609242621
586,2017/07/07,14.223634856559
587,2017/07/10,14.3558668450057
588,2017/07/11,13.892987213017
589,2017/07/12,15.070705395926
590,2017/07/13,15.4930137945828
591,2017/07/14,16.3196083691588
592,2017/07/17,18.469342687839
593,2017/07/18,17.8843995465695
594,2017/07/19,17.6945335369836
595,2017/07/20,18.4549223578985
596,2017/07/21,16.4048984708779
597,2017/07/24,16.0986244622599
598,2017/07/25,15.530898953232
599,2017/07/26,16.1522624962987
600,2017/07/27,16.1963894884428
601,2017/07/28,15.9366236128272
602,2017/07/31,16.1580355025462
603,2017/08/01,16.1439944697688
604,2017/08/02,15.8932296078224
605,2017/08/03,15.3297843044819
606,2017/08/04,14.8998601706825
607,2017/08/07,15.3509745124502
608,2017/08/08,14.9515010893819
609,2017/08/09,14.0137845953899
610,2017/08/10,13.421685353352
611,2017/08/11,14.310187685078
612,2017/08/14,14.0218793097422
613,2017/08/15,13.7421452721819
614,2017/08/16,13.5791200290699
615,2017/08/17,13.4304327992176
616,2017/08/18,12.7628130241403
617,2017/08/21,12.4393750132136
618,2017/08/22,11.8269450540309
619,2017/08/23,12.530424174699
620,2017/08/24,12.6021704547694
621,2017/08/25,14.3253539326049
622,2017/08/28,15.2499667182983
623,2017/08/29,15.195559552021
624,2017/08/30,14.8098687411708
625,2017/08/31,14.7541053430979
626,2017/09/01,14.6997717286341
627,2017/09/04,15.376733469852
628,2017/09/05,15.5199403256057
629,2017/09/06,15.6536943131992
630,2017/09/07,14.8911434585776
631,2017/09/08,14.6407966762299
632,2017/09/11,15.4686576288898
633,2017/09/12,15.593466994875
634,2017/09/13,15.7234412786951
635,2017/09/14,14.1940392015009
636,2017/09/15,13.6136432177221
637,2017/09/18,13.7557443948881
638,2017/09/19,12.8413846174401
639,2017/09/20,12.6580862248248
640,2017/09/21,12.7311849817587
641,2017/09/22,12.0255803314435
642,2017/09/25,12.5785117397905
643,2017/09/26,12.4936329071079
644,2017/09/27,12.0244336143984
645,2017/09/28,10.34799852568
646,2017/09/29,10.9784497810996
647,2017/10/09,11.690263317704
648,2017/10/10,11.8059237489064
649,2017/10/11,11.244970316
650,2017/10/12,10.8769227143753
651,2017/10/13,10.8529847154514
652,2017/10/16,10.7623317429717
653,2017/10/17,10.4229105071842
654,2017/10/18,10.0717864441812
655,2017/10/19,10.2511162512966
656,2017/10/20,9.7951024861881
657,2017/10/23,9.95707740650995
658,2017/10/24,11.4117712011634
659,2017/10/25,11.1722279776332
660,2017/10/26,11.2381257916243
661,2017/10/27,10.5364928904665
662,2017/10/30,11.4759021407729
663,2017/10/31,10.7576471568102
664,2017/11/01,10.4371621639126
665,2017/11/02,10.3546916364653
666,2017/11/03,10.1977958338039
667,2017/11/06,10.5017418476165
668,2017/11/07,9.78419865537107
669,2017/11/08,10.0461439172938
670,2017/11/09,10.437226933927
671,2017/11/10,11.5081655937116
672,2017/11/13,11.5287080135634
673,2017/11/14,11.6422465921845
674,2017/11/15,11.7826573447543
675,2017/11/16,11.3783080043195
676,2017/11/17,11.8242830256012
677,2017/11/20,14.2154616405598
678,2017/11/21,14.6883820522319
679,2017/11/22,15.8552093891147
680,2017/11/23,15.8660114146109
681,2017/11/24,16.695744216412
682,2017/11/27,17.5931399050583
683,2017/11/28,17.5446440238784
684,2017/11/29,18.0954560460584
685,2017/11/30,19.2939508037951
686,2017/12/01,20.6757664944063
687,2017/12/04,18.2074978578394
688,2017/12/05,17.3207855171617
689,2017/12/06,18.1258055546069
690,2017/12/07,17.2845394838791
691,2017/12/08,16.5239576282849
692,2017/12/11,16.2092067885966
693,2017/12/12,16.5232596960865
694,2017/12/13,16.3655031649016
695,2017/12/14,16.1716028156882
696,2017/12/15,15.8940533933694
697,2017/12/18,16.0250915384435
698,2017/12/19,15.9789251141761
699,2017/12/20,16.0391229616635
700,2017/12/21,15.8212232745075
701,2017/12/22,15.5816547516185
702,2017/12/25,16.2593072059715
703,2017/12/26,16.4092645045736
704,2017/12/27,17.9054270002493
705,2017/12/28,16.2615990530554
706,2017/12/29,14.9232660314076
707,2018/01/02,14.8154783173579
708,2018/01/03,14.4037726449361
709,2018/01/04,14.234523215758
710,2018/01/05,14.0613518358017
711,2018/01/08,14.3947275566923
712,2018/01/09,13.7844343710892
713,2018/01/10,14.1531155477641
714,2018/01/11,14.4828708050588
715,2018/01/12,14.0251253836327
716,2018/01/15,15.4447828283121
717,2018/01/16,16.2709818204796
718,2018/01/17,17.1425871734927
719,2018/01/18,18.6985019677406
720,2018/01/19,17.7566536798858
721,2018/01/22,17.8723853833803
722,2018/01/23,18.7289681394779
723,2018/01/24,20.5613598425187
724,2018/01/25,17.6239367932017
725,2018/01/26,16.0756162797302
726,2018/01/29,17.8449125444095
727,2018/01/30,16.2405285276889
728,2018/01/31,16.3688655569976
729,2018/02/01,15.9562339601714
730,2018/02/02,16.2585911463458
731,2018/02/05,18.9614595975688
732,2018/02/06,22.7557404317706
733,2018/02/07,26.7926629577276
734,2018/02/08,28.1146385260168
735,2018/02/09,39.5931871051633
736,2018/02/12,32.2483561915295
737,2018/02/13,31.092859823076
738,2018/02/14,30.0074078907453
739,2018/02/22,26.710043061183
740,2018/02/23,23.917834654721
741,2018/02/26,24.5160457929083
742,2018/02/27,25.8607851015591
743,2018/02/28,26.3105072965584
744,2018/03/01,24.2621712165816
745,2018/03/02,23.9593411112727
746,2018/03/05,22.6192837493312
747,2018/03/06,21.4449869138455
748,2018/03/07,22.3281694598439
749,2018/03/08,21.2427470107316
750,2018/03/09,20.6097986384157
751,2018/03/12,21.6077526670393
752,2018/03/13,22.3147181023238
753,2018/03/14,21.4925681606871
754,2018/03/15,20.7384181865329
755,2018/03/16,21.278815100923
756,2018/03/19,21.4688575949351
757,2018/03/20,21.2036561315284
758,2018/03/21,21.785090448164
759,2018/03/22,21.4797677387243
760,2018/03/23,29.7662988594755
761,2018/03/26,26.4667203307274
762,2018/03/27,24.1933781135362
763,2018/03/28,26.6366783460235
764,2018/03/29,25.9259685581479
765,2018/03/30,25.8202062546147
766,2018/04/02,25.9006015538436
767,2018/04/03,25.9040414111511
768,2018/04/04,25.6330124467328
769,2018/04/09,25.644865194222
770,2018/04/10,23.9510191423505
771,2018/04/11,24.0469788768971
772,2018/04/12,24.7497143567276
773,2018/04/13,25.0808900007522
774,2018/04/16,26.7990156036229
775,2018/04/17,26.5905465938975
776,2018/04/18,26.018586056452
777,2018/04/19,23.8890068775298
778,2018/04/20,22.9837121871077
779,2018/04/23,23.0239663148388
780,2018/04/24,23.180995628983
781,2018/04/25,22.7148909353189
782,2018/04/26,23.0717914869693
783,2018/04/27,24.0495843848953
784,2018/05/02,25.9267780055687
785,2018/05/03,26.1179081947594
786,2018/05/04,26.5605982247538
787,2018/05/07,26.097455811323
788,2018/05/08,25.099636631641
789,2018/05/09,24.2776068258605
790,2018/05/10,22.4929050344052
791,2018/05/11,22.016679911674
792,2018/05/14,20.6186903686747
793,2018/05/15,19.8681800990895
794,2018/05/16,20.3703731178047
795,2018/05/17,18.6000057315495
796,2018/05/18,18.0868593178232
797,2018/05/21,17.9033155878496
798,2018/05/22,17.7088483485193
799,2018/05/23,18.8023341844627
800,2018/05/24,18.1019516805416
801,2018/05/25,17.9022472302015
802,2018/05/28,18.3020889100568
803,2018/05/29,18.6099599587606
804,2018/05/30,22.0032836604905
805,2018/05/31,20.266871955817
806,2018/06/01,20.4894597912878
807,2018/06/04,19.838624617228
808,2018/06/05,19.134820558432
809,2018/06/06,19.064492980411
810,2018/06/07,18.4738068576742
811,2018/06/08,19.475915949979
812,2018/06/11,20.3173042289301
813,2018/06/12,18.6090964147825
814,2018/06/13,19.1534579227698
815,2018/06/14,19.817858000265
816,2018/06/15,20.5003157901468
817,2018/06/19,24.3233600645899
818,2018/06/20,21.4080319623387
819,2018/06/21,20.1895390160495
820,2018/06/22,19.7611556006124
821,2018/06/25,21.1758551771203
822,2018/06/26,21.3611537680145
823,2018/06/27,23.3690386319868
824,2018/06/28,23.9386869400533
825,2018/06/29,22.0522120691182
826,2018/07/02,26.7373395257935
827,2018/07/03,27.0250120239043
828,2018/07/04,27.9579798553431
829,2018/07/05,28.4492903064469
830,2018/07/06,27.0767925314068
831,2018/07/09,24.0090835806387
832,2018/07/10,23.7507607303418
833,2018/07/11,26.6252046504068
834,2018/07/12,24.4265057876972
835,2018/07/13,24.1860868816719
836,2018/07/16,23.914694285099
837,2018/07/17,23.4250147244125
838,2018/07/18,22.3376259554847
839,2018/07/19,21.3587612287612
840,2018/07/20,21.5158954332674
841,2018/07/23,22.6590970840001
842,2018/07/24,24.4424377836753
843,2018/07/25,24.3529247649236
844,2018/07/26,23.1912623991977
845,2018/07/27,22.0516248997881
846,2018/07/30,22.4335411302258
847,2018/07/31,22.2573263207847
848,2018/08/01,24.1344698201015
849,2018/08/02,25.2370609957374
850,2018/08/03,25.3700338026872
851,2018/08/06,26.1798386811141
852,2018/08/07,25.469486759977
853,2018/08/08,25.7408617731955
854,2018/08/09,25.5768280941301
855,2018/08/10,24.7384464483954
856,2018/08/13,25.5331508066307
857,2018/08/14,25.4104596264069
858,2018/08/15,26.398665402674
859,2018/08/16,26.5964374631981
860,2018/08/17,27.6508099173292
861,2018/08/20,27.6475099488875
862,2018/08/21,24.5791572240095
863,2018/08/22,23.5077543807222
864,2018/08/23,22.6934382434118
865,2018/08/24,22.350797697203
866,2018/08/27,22.1798968463704
867,2018/08/28,22.3020030417623
868,2018/08/29,22.722539440914
869,2018/08/30,22.9566686059301
870,2018/08/31,22.7474249004916
871,2018/09/03,23.5176673074641
872,2018/09/04,22.7378053256673
873,2018/09/05,24.1230060457052
874,2018/09/06,24.513134358276
875,2018/09/07,24.1065094731979
876,2018/09/10,25.1084245294975
877,2018/09/11,24.5913631617356
878,2018/09/12,24.5740521890993
879,2018/09/13,23.577709505666
880,2018/09/14,21.9219818741315
881,2018/09/17,21.2603393147546
882,2018/09/18,20.6137276614702
883,2018/09/19,18.8984496422946
884,2018/09/20,18.0143695806342
885,2018/09/21,19.6988469761958
886,2018/09/25,20.6182580168652
887,2018/09/26,21.594879261944
888,2018/09/27,21.015376520487
889,2018/09/28,21.5653805804172
890,2018/10/08,24.8299890984291
891,2018/10/09,23.8089153836083
892,2018/10/10,23.821453011778
893,2018/10/11,27.7887502760474
894,2018/10/12,26.6055410545766
895,2018/10/15,27.8068079402408
896,2018/10/16,27.2973610577936
897,2018/10/17,27.3273772503576
898,2018/10/18,29.5614254401603
899,2018/10/19,27.0884318909872
900,2018/10/22,27.4078329562576
901,2018/10/23,28.667996853731
902,2018/10/24,28.5400754677356
903,2018/10/25,29.7510793793784
904,2018/10/26,30.6621052407152
905,2018/10/29,32.4919134543002
906,2018/10/30,32.5600098277813
907,2018/10/31,31.6856236943524
908,2018/11/01,30.5056751984178
909,2018/11/02,28.9739458573836
910,2018/11/05,30.7831268801098
911,2018/11/06,31.5119175802578
912,2018/11/07,31.5113791775225
913,2018/11/08,30.9750316135556
914,2018/11/09,31.3594812223233
915,2018/11/12,32.0900988220533
916,2018/11/13,31.1883600381101
917,2018/11/14,30.6876103634889
918,2018/11/15,29.8558573717836
919,2018/11/16,29.0725211887919
920,2018/11/19,28.3741467205131
921,2018/11/20,27.5172007353263
922,2018/11/21,27.4047894256161
923,2018/11/22,26.6155566243097
924,2018/11/23,26.0061348247677
925,2018/11/26,26.0493449264832
926,2018/11/27,25.1083278070382
927,2018/11/28,24.1740488930048
928,2018/11/29,24.2249779175269
929,2018/11/30,25.3203288435843
930,2018/12/03,23.0077464402021
931,2018/12/04,20.9481725816617
932,2018/12/05,20.9716868608696
933,2018/12/06,21.250295137677
934,2018/12/07,20.0703552490463
935,2018/12/10,20.6817110996561
936,2018/12/11,20.6427665423065
937,2018/12/12,20.3406867004264
938,2018/12/13,19.383879354581
939,2018/12/14,19.6265688573873
940,2018/12/17,20.5765627655847
941,2018/12/18,21.1389391240822
942,2018/12/19,21.3736322676693
943,2018/12/20,23.5454948512436
944,2018/12/21,24.6980538426199
945,2018/12/24,23.3140383282895
946,2018/12/25,24.3252093133045
947,2018/12/26,23.8515400347187
948,2018/12/27,23.5009493832143
949,2018/12/28,23.2606802666817
950,2019/01/02,22.8906856504455
951,2019/01/03,22.2885315583053
952,2019/01/04,21.6461249132943
953,2019/01/07,22.08628258699
954,2019/01/08,20.9595535560892
955,2019/01/09,19.3793134151519
956,2019/01/10,18.9481673351147
957,2019/01/11,18.4799120214774
958,2019/01/14,18.6682581956343
959,2019/01/15,17.8221955350275
960,2019/01/16,16.6744891986121
961,2019/01/17,17.2006321600918
962,2019/01/18,16.2398925875397
963,2019/01/21,18.570270348782
964,2019/01/22,16.0704676379871
965,2019/01/23,15.8155276320089
966,2019/01/24,14.2891553004683
967,2019/01/25,14.4189092295031
968,2019/01/28,16.2537152256744
969,2019/01/29,17.693656202564
970,2019/01/30,18.3562377790556
971,2019/01/31,18.173724085532
972,2019/02/01,18.7159246975591
973,2019/02/11,19.1020052156041
974,2019/02/12,18.6938624912761
975,2019/02/13,20.3490194049483
976,2019/02/14,21.6519425153597
977,2019/02/15,20.6496450321318
978,2019/02/18,22.1187237990637
979,2019/02/19,23.2108163844752
980,2019/02/20,23.7750683543673
981,2019/02/21,23.1393415642228
982,2019/02/22,23.0645478606615
983,2019/02/25,37.3717281811045
984,2019/02/26,32.0456499455879
985,2019/02/27,32.1942455100948
986,2019/02/28,29.8397243208228
987,2019/03/01,29.6415407973641
988,2019/03/04,32.8371841112782
989,2019/03/05,34.2734498756395
990,2019/03/06,35.7910153013566
991,2019/03/07,36.6392429045721
992,2019/03/08,36.9510585315812
993,2019/03/11,32.5524926989805
994,2019/03/12,32.6273881052018
995,2019/03/13,32.6324971139986
996,2019/03/14,31.1226996000979
997,2019/03/15,29.0122208797456
998,2019/03/18,30.4483786095953
999,2019/03/19,31.0903528248037
1000,2019/03/20,31.3167736041957
1001,2019/03/21,32.2213096209676
1002,2019/03/22,32.0250437407098
1003,2019/03/25,28.7183763629273
1004,2019/03/26,26.6430604168424
1005,2019/03/27,25.4520560587563
1006,2019/03/28,24.1637136602106
1007,2019/03/29,26.4302132858765
1008,2019/04/01,29.5072655744913
1009,2019/04/02,30.1551027051875
1010,2019/04/03,29.8822264698452
1011,2019/04/04,31.2707122481267
1012,2019/04/08,33.0536692636854
1013,2019/04/09,30.9867763056901
1014,2019/04/10,31.128945527329
1015,2019/04/11,30.9367603394498
1016,2019/04/12,28.0520093130181
1017,2019/04/15,28.0954697125307
1018,2019/04/16,28.2782174514573
1019,2019/04/17,28.8703286502803
1020,2019/04/18,28.5882848788881
1021,2019/04/19,28.3756664228421
1022,2019/04/22,29.4712490432537
1023,2019/04/23,27.4772586650585
1024,2019/04/24,26.9440123023488
1025,2019/04/25,26.6353828197538
1026,2019/04/26,25.8671926481495
1027,2019/04/29,25.3043563829935
1028,2019/04/30,25.4987309174552
1029,2019/05/06,29.4389657379219
1030,2019/05/07,26.196693080635
1031,2019/05/08,27.2771269780194
1032,2019/05/09,29.026086547901
1033,2019/05/10,29.0567128059042
1034,2019/05/13,27.7392643718711
1035,2019/05/14,26.7625691941715
1036,2019/05/15,25.0897980577937
1037,2019/05/16,23.9032612578252
1038,2019/05/17,23.9041796515533
1039,2019/05/20,23.5892290516259
1040,2019/05/21,22.5870632981206
1041,2019/05/22,21.6820403910717
1042,2019/05/23,22.2194103347551
1043,2019/05/24,22.1247727070981
1044,2019/05/27,23.3379572405985
1045,2019/05/28,22.4061188686787
1046,2019/05/29,21.6000088005068
1047,2019/05/30,21.829652528872
1048,2019/05/31,22.5173217157148
1049,2019/06/03,23.173839565127
1050,2019/06/04,23.7804841594486
1051,2019/06/05,23.4314488311727
1052,2019/06/06,23.456629217572
1053,2019/06/10,22.2626581377407
1054,2019/06/11,21.4966845632449
1055,2019/06/12,21.5548194501891
1056,2019/06/13,21.1016301265739
1057,2019/06/14,21.0254710700677
1058,2019/06/17,20.9469213336537
1059,2019/06/18,20.1881959980097
1060,2019/06/19,19.401181962425
1061,2019/06/20,23.2212876770486
1062,2019/06/21,25.065891831422
1063,2019/06/24,26.1030021733053
1064,2019/06/25,26.1754405719446
1065,2019/06/26,26.1286475308571
1066,2019/06/27,26.7721248988969
1067,2019/06/28,27.7962828907776
1068,2019/07/01,25.7082721104243
1069,2019/07/02,24.7671573189242
1070,2019/07/03,23.6231754206624
1071,2019/07/04,23.1087168391283
1072,2019/07/05,23.9114569226274
1073,2019/07/08,23.1529088194989
1074,2019/07/09,22.1380941815066
1075,2019/07/10,22.2042867628904
1076,2019/07/11,22.5472633347545
1077,2019/07/12,22.3430243395002
1078,2019/07/15,22.4902883295124
1079,2019/07/16,22.8524129385229
1080,2019/07/17,22.4312652068188
1081,2019/07/18,22.3237335202481
1082,2019/07/19,22.1164297504508
1083,2019/07/22,20.90234601138
1084,2019/07/23,19.732055174008
1085,2019/07/24,18.7967105547255
1086,2019/07/25,17.7446865282747
1087,2019/07/26,18.1466285613726
1088,2019/07/29,19.1496611138707
1089,2019/07/30,19.323653782657
1090,2019/07/31,19.7806956610627
1091,2019/08/01,17.6471844215624
1092,2019/08/02,18.353588748148
1093,2019/08/05,20.5123497813803
1094,2019/08/06,22.2557280854112
1095,2019/08/07,21.2291514055293
1096,2019/08/08,20.6473989076996
1097,2019/08/09,20.0386965894126
1098,2019/08/12,20.4146524832566
1099,2019/08/13,20.3347336905715
1100,2019/08/14,19.6830154486852
1101,2019/08/15,20.291549230245
1102,2019/08/16,20.1705743815164
1103,2019/08/19,20.8442633238974
1104,2019/08/20,20.6805055735704
1105,2019/08/21,19.7934424534119
1106,2019/08/22,19.6040647019834
1107,2019/08/23,19.9717396753111
1108,2019/08/26,21.1767474200132
1109,2019/08/27,20.0390068140639
1110,2019/08/28,19.8402369981201
1111,2019/08/29,19.0511595253489
1112,2019/08/30,19.0893255678641
1113,2019/09/02,18.3406321493469
1114,2019/09/03,18.291537019847
1115,2019/09/04,17.7118937389628
1116,2019/09/05,18.5835319378133
1117,2019/09/06,19.3655358147496
1118,2019/09/09,20.4205263551834
1119,2019/09/10,19.8846037824653
1120,2019/09/11,19.7139432566357
1121,2019/09/12,19.344636160536
1122,2019/09/16,18.9080422460811
1123,2019/09/17,18.0915703359372
1124,2019/09/18,17.7125228094522
1125,2019/09/19,17.573472158607
1126,2019/09/20,16.2471242914501
1127,2019/09/23,16.5704388938572
1128,2019/09/24,16.2569304203522
1129,2019/09/25,16.4976717515688
1130,2019/09/26,16.6390757423538
1131,2019/09/27,17.1287551835356
1132,2019/09/30,17.705154537622
1133,2019/10/08,12.4921828199647
1134,2019/10/09,10.4652836045659
1135,2019/10/10,11.9716393715742
1136,2019/10/11,13.0756220705708
1137,2019/10/14,12.5156024086487
1138,2019/10/15,12.9423782975172
1139,2019/10/16,12.9651418905542
1140,2019/10/17,13.6549549524395
1141,2019/10/18,13.5627436722861
1142,2019/10/21,13.4565231778126
1143,2019/10/22,13.2942298891326
1144,2019/10/23,13.6197510969805
1145,2019/10/24,13.3852170111941
1146,2019/10/25,13.167940054654
1147,2019/10/28,13.688919304612
1148,2019/10/29,13.8469990966481
1149,2019/10/30,13.9472639321365
1150,2019/10/31,14.1823281424259
1151,2019/11/01,13.919925212729
1152,2019/11/04,14.1510448590064
1153,2019/11/05,14.6137024121565
1154,2019/11/06,14.3518549136189
1155,2019/11/07,14.5541750693824
1156,2019/11/08,14.6355368527024
1157,2019/11/11,15.1730414653253
1158,2019/11/12,14.6840080391947
1159,2019/11/13,14.8942676143634
1160,2019/11/14,15.1691773384271
1161,2019/11/15,15.0765565258879
1162,2019/11/18,14.4043014696009
1163,2019/11/19,13.7263930139688
1164,2019/11/20,13.4476688439955
1165,2019/11/21,13.4729973409793
1166,2019/11/22,14.1659281044947
1167,2019/11/25,14.0148525632018
1168,2019/11/26,14.0334842027246
1169,2019/11/27,13.705141541128
1170,2019/11/28,13.0966284799098
1171,2019/11/29,13.7699078005929
1172,2019/12/02,13.358876253161
1173,2019/12/03,13.2155112098466
1174,2019/12/04,13.1918057451091
1175,2019/12/05,12.7573631505291
1176,2019/12/06,12.4269402748155
1177,2019/12/09,12.5522512992193
1178,2019/12/10,12.4803829496193
1179,2019/12/11,12.2250876322761
1180,2019/12/12,12.4121823483015
1181,2019/12/13,13.885042741735
1182,2019/12/16,13.3224467318094
1183,2019/12/17,14.0012367591613
1184,2019/12/18,14.3534444925144
1185,2019/12/19,14.9162741898462
1186,2019/12/20,14.4510109402822
1187,2019/12/23,14.1779395772557
1188,2019/12/24,13.3369717363988
1189,2019/12/25,13.4771940322425
1190,2019/12/26,13.1868700992399
1191,2019/12/27,13.570198393393
1192,2019/12/30,14.6482608666701
1193,2019/12/31,15.13109290439
1194,2020/01/02,15.3819254745767
1195,2020/01/03,15.1620341164954
1196,2020/01/06,15.80961204838
1197,2020/01/07,16.0965395964224
1198,2020/01/08,16.1712902225074
1199,2020/01/09,15.5307764042446
1200,2020/01/10,15.1219342301623
1201,2020/01/13,14.7950203108847
1202,2020/01/14,14.526559613046
1203,2020/01/15,14.4722215810389
1204,2020/01/16,13.703874307014
1205,2020/01/17,11.1676691299179
1206,2020/01/20,12.6021185078745
1207,2020/01/21,14.9201956399125
1208,2020/01/22,17.0195532790723
1209,2020/01/23,18.5263171928499
1210,2020/02/03,34.5857122680904
1211,2020/02/04,24.9189263583977
1212,2020/02/05,21.738660636302
1213,2020/02/06,21.9036141091193
1214,2020/02/07,23.1003023454261
1215,2020/02/10,22.6418120364089
1216,2020/02/11,20.5231823965171
1217,2020/02/12,19.5338963342733
1218,2020/02/13,19.8396541006341
1219,2020/02/14,18.7360901249873
1220,2020/02/17,18.9282444457242
1221,2020/02/18,18.9020964253822
1222,2020/02/19,19.2691531699089
1223,2020/02/20,19.4360055074255
1224,2020/02/21,20.6686779884726
1225,2020/02/24,22.7762600534484
1226,2020/02/25,23.1058075869982
1227,2020/02/26,23.8102546136329
1228,2020/02/27,20.4293725926972
1229,2020/02/28,24.4776268017251
1230,2020/03/02,21.5436820180772
1231,2020/03/03,20.8636501594248
1232,2020/03/04,21.0261330297644
1233,2020/03/05,21.5037506734245
1234,2020/03/06,22.831249085751
1235,2020/03/09,28.8962846243798
1236,2020/03/10,27.9829193603376
1237,2020/03/11,27.9710767801862
1238,2020/03/12,31.2541660610207
1239,2020/03/13,37.913248919292
1240,2020/03/16,43.5721436703613
1241,2020/03/17,43.857925299093
1242,2020/03/18,37.4485462323986
1243,2020/03/19,38.8365642578005
1244,2020/03/20,34.4998960112884
1245,2020/03/23,38.6212239641053
1246,2020/03/24,35.4047713002642
1247,2020/03/25,34.3937365959591
1248,2020/03/26,33.8614962617462
1249,2020/03/27,34.1633460350183
1250,2020/03/30,33.6189573366949
1251,2020/03/31,31.1199589850398
1252,2020/04/01,29.3504778209923
1253,2020/04/02,27.6147294737933
1254,2020/04/03,28.7406198235901
1255,2020/04/07,26.3125840908602
1256,2020/04/08,24.4316330342219
1257,2020/04/09,23.2001561178805
1258,2020/04/10,22.3238842812439
1259,2020/04/13,20.7232199881588
1260,2020/04/14,19.9329740988133
1261,2020/04/15,19.060080165973
1262,2020/04/16,18.3993607759573
1263,2020/04/17,18.9429571612951
1264,2020/04/20,19.6216232525193
1265,2020/04/21,19.607157656878
1266,2020/04/22,19.4000669547949
1267,2020/04/23,18.632576007301
1268,2020/04/24,18.4637231810006
1269,2020/04/27,18.0793378744521
1270,2020/04/28,18.215516826821
1271,2020/04/29,19.1574818772354
1272,2020/04/30,21.053996973573
1273,2020/05/06,20.3403896785552
1274,2020/05/07,19.2606187522397
1275,2020/05/08,18.4429488088447
1276,2020/05/11,18.8567649370923
1277,2020/05/12,19.0188158124118
1278,2020/05/13,18.8342794707177
1279,2020/05/14,18.8644212987495
1280,2020/05/15,18.5274642014578
1281,2020/05/18,18.102088595873
1282,2020/05/19,17.4711699722534
1283,2020/05/20,17.5897332250155
1284,2020/05/21,18.4932047981697
1285,2020/05/22,21.6650185524616
1286,2020/05/25,19.2066670562929
1287,2020/05/26,18.6550794032011
1288,2020/05/27,19.5214837586458
1289,2020/05/28,19.4130443515572
1290,2020/05/29,19.681529174826
1291,2020/06/01,17.6906166330885
1292,2020/06/02,17.3423856725287
1293,2020/06/03,17.9383908089171
1294,2020/06/04,18.1184131621421
1295,2020/06/05,17.3947465546831
1296,2020/06/08,17.4175568809854
1297,2020/06/09,17.5010274999947
1298,2020/06/10,17.8894331791484
1299,2020/06/11,18.3349960597428
1300,2020/06/12,17.8991695355201
1301,2020/06/15,19.528540854032
1302,2020/06/16,17.480548502934
1303,2020/06/17,17.7708786564577
1304,2020/06/18,17.9634420333551
1305,2020/06/19,18.09143795057
1306,2020/06/22,19.5665686885152
1307,2020/06/23,19.8951289697088
1308,2020/06/24,19.6250807671503
1309,2020/06/29,18.3975264638609
1310,2020/06/30,17.4032349414855
1311,2020/07/01,18.3339462172884
1312,2020/07/02,22.223238322216
1313,2020/07/03,24.6099284332924
1314,2020/07/06,37.6489370884569
1315,2020/07/07,32.4318163714751
1316,2020/07/08,34.0482839027521
1317,2020/07/09,34.0745011278397
1318,2020/07/10,32.5428384548054
1319,2020/07/13,29.3520039429787
1320,2020/07/14,29.296840526644
1321,2020/07/15,29.691510966918
1322,2020/07/16,32.2372440086514
1323,2020/07/17,27.8327962117359
1324,2020/07/20,28.5852848811971
1325,2020/07/21,26.5576909683475
1326,2020/07/22,25.9904804704573
1327,2020/07/23,27.2287839201638
1328,2020/07/24,30.7149081945121
1329,2020/07/27,28.9386315408447
1330,2020/07/28,28.3091258508741
1331,2020/07/29,28.880745326311
1332,2020/07/30,29.0108123220822
1333,2020/07/31,30.1302040921846
1334,2020/08/03,31.1924390786728
1335,2020/08/04,30.7712665806826
1336,2020/08/05,30.8271585134794
1337,2020/08/06,30.9691686065953
1338,2020/08/07,30.0603233573987
1339,2020/08/10,30.0773446511753
1340,2020/08/11,29.0995736696862
1341,2020/08/12,28.6943421119974
1342,2020/08/13,28.2040750415286
1343,2020/08/14,27.4880522352252
1344,2020/08/17,30.7886585445392
1345,2020/08/18,30.4149330204364
1346,2020/08/19,29.0763064469434
1347,2020/08/20,28.4495982986585
1348,2020/08/21,28.8596520467133
1349,2020/08/24,27.51369253751
1350,2020/08/25,26.9106202103371
1351,2020/08/26,27.9751612648204
1352,2020/08/27,25.9095463389224
1353,2020/08/28,26.618181164708
1354,2020/08/31,26.1813397537956
1355,2020/09/01,26.1914325507744
1356,2020/09/02,26.7165394218344
1357,2020/09/03,26.8498242636123
1358,2020/09/04,26.6855599233967
1359,2020/09/07,27.1852691487667
1360,2020/09/08,26.4084574330517
1361,2020/09/09,27.4020350986038
1362,2020/09/10,25.504506520286
1363,2020/09/11,24.0464822596963
1364,2020/09/14,22.6047856973499
1365,2020/09/15,22.1004081219411
1366,2020/09/16,21.3183616404367
1367,2020/09/17,21.4475253774025
1368,2020/09/18,21.7425592888097
1369,2020/09/21,22.352837690902
1370,2020/09/22,22.7866227124716
1371,2020/09/23,22.0789553058166
1372,2020/09/24,23.9232263221723
1373,2020/09/25,24.1842892211459
1374,2020/09/28,25.6055038748618
1375,2020/09/29,26.9365310538284
1376,2020/09/30,27.7725227768036
1377,2020/10/09,22.1904286573934
1378,2020/10/12,24.574019174786
1379,2020/10/13,23.980837607508
1380,2020/10/14,23.0877855871994
1381,2020/10/15,23.6655353106879
1382,2020/10/16,23.4564574778798
1383,2020/10/19,22.5049983403189
1384,2020/10/20,21.8491016786367
1385,2020/10/21,22.0237158569418
1386,2020/10/22,22.163894296523
1387,2020/10/23,22.1613095406752
1388,2020/10/26,22.4899130693451
1389,2020/10/27,22.8045507967552
1390,2020/10/28,22.366905428317
1391,2020/10/29,22.090418489897
1392,2020/10/30,23.0478513331172
1393,2020/11/02,23.8866013813194
1394,2020/11/03,23.8259086754774
1395,2020/11/04,22.1410602415627
1396,2020/11/05,21.6458124420495
1397,2020/11/06,21.2391653774393
1398,2020/11/09,22.5353843050366
1399,2020/11/10,22.2990527630156
1400,2020/11/11,21.7087561997812
1401,2020/11/12,21.2003499329706
1402,2020/11/13,20.4437626786917
1403,2020/11/16,20.4617737026315
1404,2020/11/17,20.163091700759
1405,2020/11/18,20.8063621576672
1406,2020/11/19,21.1219045008041
1407,2020/11/20,20.1405485590309
1408,2020/11/23,21.5737750851125
1409,2020/11/24,20.7389656688523
1410,2020/11/25,20.3594824196922
1411,2020/11/26,19.2638986199337
1412,2020/11/27,20.0917028786902
1413,2020/11/30,20.5911716803258
1414,2020/12/01,23.4055405077564
1415,2020/12/02,23.7604974143463
1416,2020/12/03,23.4595677851298
1417,2020/12/04,22.5867351828851
1418,2020/12/07,21.2936179397431
1419,2020/12/08,20.1938724469538
1420,2020/12/09,19.5249186376305
1421,2020/12/10,18.5868276253395
1422,2020/12/11,19.1824929481833
1423,2020/12/14,18.3346844295494
1424,2020/12/15,18.2766264750748
1425,2020/12/16,18.413200089057
1426,2020/12/17,18.7777481296651
1427,2020/12/18,17.2489411436183
1428,2020/12/21,19.1195062283599
1429,2020/12/22,18.6889068997912
1430,2020/12/23,18.5759622703025
1431,2020/12/24,18.2295778181942
1432,2020/12/25,17.9432112539251
1433,2020/12/28,18.3019427947721
1434,2020/12/29,18.7406525258547
1435,2020/12/30,18.8040030623233
1436,2020/12/31,20.0055630300576
1437,2021/01/04,20.6300882969479
1438,2021/01/05,20.6370022944327
1439,2021/01/06,22.273183138519
1440,2021/01/07,26.1042941647041
1441,2021/01/08,25.8016413188388
1442,2021/01/11,23.1088065363025
1443,2021/01/12,25.1225700048634
1444,2021/01/13,24.3880360536731
1445,2021/01/14,23.7124115805774
1446,2021/01/15,21.772867071091
1447,2021/01/18,22.1433673444306
1448,2021/01/19,22.3155864300775
1449,2021/01/20,21.7742609458213
1450,2021/01/21,23.1868743166405
1451,2021/01/22,22.0461273859252
1452,2021/01/25,23.019381382012
1453,2021/01/26,22.7603607677799
1454,2021/01/27,22.2284772439749
1455,2021/01/28,23.7137822934461
1456,2021/01/29,23.8694898400173
1457,2021/02/01,24.3529209331733
1458,2021/02/02,22.5220956970712
1459,2021/02/03,21.312112463706
1460,2021/02/04,22.3357852990079
1461,2021/02/05,22.8031516528546
1462,2021/02/08,23.3173203809343
1463,2021/02/09,23.0038708051046
1464,2021/02/10,24.7084064278494
1465,2021/02/18,24.2327405790383
1466,2021/02/19,22.0358924673979
1467,2021/02/22,23.9919661007953
1468,2021/02/23,23.4369897906992
1469,2021/02/24,24.2076540166195
1470,2021/02/25,22.6357772819082
1471,2021/02/26,25.5184652615101
1472,2021/03/01,23.8593788856084
1473,2021/03/02,23.2171940677113
1474,2021/03/03,23.0044248617885
1475,2021/03/04,24.9096967153238
1476,2021/03/05,25.7064116061214
1477,2021/03/08,27.5005742376838
1478,2021/03/09,27.0291932302135
1479,2021/03/10,25.9863200709367
1480,2021/03/11,23.821649338088
1481,2021/03/12,22.2115859415795
1482,2021/03/15,22.9578427236888
1483,2021/03/16,22.205508293273
1484,2021/03/17,22.4003834197389
1485,2021/03/18,22.0235475124841
1486,2021/03/19,22.83840119966
1487,2021/03/22,21.5967466824127
1488,2021/03/23,20.7366493166876
1489,2021/03/24,21.2835803302192
1490,2021/03/25,20.5074422933473
1491,2021/03/26,19.4539515153981
1492,2021/03/29,19.5178147437083
1493,2021/03/30,19.5569182426617
1494,2021/03/31,19.2059269817875
1495,2021/04/01,18.477792984044
1496,2021/04/02,18.6153319006906
1497,2021/04/06,18.9798643744851
1498,2021/04/07,18.2867955384026
1499,2021/04/08,17.9373937782242
1500,2021/04/09,17.7893527553271
1501,2021/04/12,18.7280846830056
1502,2021/04/13,18.7457418103458
1503,2021/04/14,18.5616066537142
1504,2021/04/15,18.717875601981
1505,2021/04/16,18.3526690130208
1506,2021/04/19,18.882535687607
1507,2021/04/20,18.9680823425337
1508,2021/04/21,19.1565521443908
1509,2021/04/22,18.5614678635416
1510,2021/04/23,18.7424959736033
1511,2021/04/26,19.7717174102231
1512,2021/04/27,19.482194070208
1513,2021/04/28,19.1668179191093
1514,2021/04/29,19.0439823737849
1515,2021/04/30,18.766927161081
1516,2021/05/06,18.7931499716019
1517,2021/05/07,18.5782462133225
1518,2021/05/10,18.5345507435217
1519,2021/05/11,18.8335653840091
1520,2021/05/12,19.0364525947789
1521,2021/05/13,19.1459797535665
1522,2021/05/14,19.4873145333732
1523,2021/05/17,20.3167018759916
1524,2021/05/18,19.9725184018901
1525,2021/05/19,19.3549786692538
1526,2021/05/20,19.35378825976
1527,2021/05/21,18.9029678151602
1528,2021/05/24,19.1544658650802
1529,2021/05/25,21.1806360912305
1530,2021/05/26,21.1827459200416
1531,2021/05/27,22.3024521130217
1532,2021/05/28,22.0526992886721
1533,2021/05/31,22.617607416583
1534,2021/06/01,22.3513581163803
1535,2021/06/02,20.946192759739
1536,2021/06/03,20.0827711536612
1537,2021/06/04,20.2510121811824
1538,2021/06/07,20.8477654455288
1539,2021/06/08,21.3963022485005
1540,2021/06/09,20.4984235468022
1541,2021/06/10,19.6693074949931
1542,2021/06/11,19.8095831093672
1543,2021/06/15,19.4681995954325
1544,2021/06/16,20.4242923848036
1545,2021/06/17,19.3827041376484
1546,2021/06/18,18.9818123704
1547,2021/06/21,19.9202443285345
1548,2021/06/22,19.1573359705131
1549,2021/06/23,17.6560716238863
1550,2021/06/24,17.1721934568443
1551,2021/06/25,17.4202539164508
1552,2021/06/28,17.7081775623698
1553,2021/06/29,17.5098999325062
1554,2021/06/30,18.0831755655947
1555,2021/07/01,17.7156252532947
1556,2021/07/02,18.4377493954945
1557,2021/07/05,17.6331166220241
1558,2021/07/06,17.3790540221901
1559,2021/07/07,16.97770869012
1560,2021/07/08,17.8555197315677
1561,2021/07/09,17.738232639589
1562,2021/07/12,18.3652977134352
1563,2021/07/13,18.0619922606789
1564,2021/07/14,18.0776787184693
1565,2021/07/15,17.7295133604012
1566,2021/07/16,17.8059447493941
1567,2021/07/19,17.9608621621822
1568,2021/07/20,18.3461843196094
1569,2021/07/21,17.8085511249529
1570,2021/07/22,17.7603682909463
1571,2021/07/23,17.428639469677
1572,2021/07/26,21.4322694194464
1573,2021/07/27,23.863961014871
1574,2021/07/28,22.3095462861809
1575,2021/07/29,20.4428980829455
1576,2021/07/30,19.8979517679469
1577,2021/08/02,19.8958994525682
1578,2021/08/03,18.9795218226142
1579,2021/08/04,19.1145612983128
1580,2021/08/05,18.7940695959143
1581,2021/08/06,18.3340518849628
1582,2021/08/09,18.367901919858
1583,2021/08/10,18.9275860385677
1584,2021/08/11,18.6794534785194
1585,2021/08/12,18.5984114082046
1586,2021/08/13,18.4065548819433
1587,2021/08/16,18.9861374502027
1588,2021/08/17,20.1813715952224
1589,2021/08/18,18.9559036241977
1590,2021/08/19,19.7338048441939
1591,2021/08/20,22.073454385439
1592,2021/08/23,20.8385097523444
1593,2021/08/24,19.5540868416345
1594,2021/08/25,19.4140248368981
1595,2021/08/26,19.9926436051671
1596,2021/08/27,19.6008515985737
1597,2021/08/30,20.4742333029237
1598,2021/08/31,20.2667218166492
1599,2021/09/01,20.5141571965186
1600,2021/09/02,21.020684367455
1601,2021/09/03,20.7463906492121
1602,2021/09/06,20.5242656068907
1603,2021/09/07,20.6895615277175
1604,2021/09/08,20.8220874004719
1605,2021/09/09,20.5806852637291
1606,2021/09/10,20.3129847487212
1607,2021/09/13,20.7463995605129
1608,2021/09/14,20.2569337604804
1609,2021/09/15,20.5187929319031
1610,2021/09/16,21.3387356791785
1611,2021/09/17,18.9445678511723
1612,2021/09/22,21.0863925178931
1613,2021/09/23,20.1921093618097
1614,2021/09/24,18.9660033179964
1615,2021/09/27,19.6538836078144
1616,2021/09/28,19.9908650924793
1617,2021/09/29,20.7158817806848
1618,2021/09/30,20.8998097663968
1619,2021/10/08,19.0576265081933
1620,2021/10/11,18.767630626378
1621,2021/10/12,18.5937803768727
1622,2021/10/13,18.7133662390892
1623,2021/10/14,18.5043193913147
1624,2021/10/15,18.1659652981141
1625,2021/10/18,19.189751823363
1626,2021/10/19,18.1600419744487
1627,2021/10/20,18.1059784811405
1628,2021/10/21,18.3281658643913
1629,2021/10/22,18.0453262557104
1630,2021/10/25,19.0303996481296
1631,2021/10/26,18.7830845996576
1632,2021/10/27,18.6378870076417
1633,2021/10/28,18.4164043352683
1634,2021/10/29,18.2626646629962
1635,2021/11/01,18.8461715598072
1636,2021/11/02,19.8259868271638
1637,2021/11/03,20.0998768350693
1638,2021/11/04,18.892835319695
1639,2021/11/05,18.532441686139
1640,2021/11/08,19.3201889081841
1641,2021/11/09,19.3485445092063
1642,2021/11/10,19.2708598215629
1643,2021/11/11,18.7502885424223
1644,2021/11/12,18.453485462104
1645,2021/11/15,18.8511875473946
1646,2021/11/16,18.5732059013491
1647,2021/11/17,18.5719071200444
1648,2021/11/18,18.4744774746474
1649,2021/11/19,18.119027154032
1650,2021/11/22,17.9737797813479
1651,2021/11/23,17.6926772873599
1652,2021/11/24,17.3004542419791
1653,2021/11/25,16.5487665485204
1654,2021/11/26,16.489992371316
1655,2021/11/29,17.0093501621721
1656,2021/11/30,16.999072138479
1657,2021/12/01,16.6142608760757
1658,2021/12/02,16.0608392534049
1659,2021/12/03,15.4779538296211
1660,2021/12/06,15.8798393479613
1661,2021/12/07,15.9486132092146
1662,2021/12/08,17.201710557516
1663,2021/12/09,18.0943838858024
1664,2021/12/10,17.4123288116403
1665,2021/12/13,17.8365904642345
1666,2021/12/14,17.3104788904059
1667,2021/12/15,16.6993849200271
1668,2021/12/16,16.7584786199295
1669,2021/12/17,16.404944399984
1670,2021/12/20,17.5183862164599
1671,2021/12/21,16.6214939715744
1672,2021/12/22,16.3171240759501
1673,2021/12/23,15.3442066284431
1674,2021/12/24,15.5832279804688
1675,2021/12/27,16.1157174840086
1676,2021/12/28,16.1693307120451
1677,2021/12/29,17.7442984572175
1678,2021/12/30,16.8899297481509
1679,2021/12/31,17.1291756863337
1680,2022/01/04,17.6069524231389
1681,2022/01/05,18.1136519978194
1682,2022/01/06,18.3647169483059
1683,2022/01/07,17.5128456488092
1684,2022/01/10,17.6294042342906
1685,2022/01/11,17.5939686739627
1686,2022/01/12,16.9024514320451
1687,2022/01/13,18.2231872882722
1688,2022/01/14,18.7822625109491
1689,2022/01/17,17.9569330655562
1690,2022/01/18,17.3069850256828
1691,2022/01/19,17.4907239657077
1692,2022/01/20,17.4081535911655
1693,2022/01/21,16.9987631450568
1694,2022/01/24,18.335243048755
1695,2022/01/25,20.6230947807539
1696,2022/01/26,19.5698551021979
1697,2022/01/27,20.0462002658293
1698,2022/01/28,23.8147059111081
1699,2022/02/07,19.2009037897542
1700,2022/02/08,18.194833800424
1701,2022/02/09,17.5397097343013
1702,2022/02/10,17.0370367804194
1703,2022/02/11,16.7163805568251
1704,2022/02/14,17.6201476231791
1705,2022/02/15,17.5441816141812
1706,2022/02/16,16.7013928402492
1707,2022/02/17,16.7006649242329
1708,2022/02/18,16.1774535441394
1709,2022/02/21,16.3550291715848
1710,2022/02/22,17.4752378637528
1711,2022/02/23,16.4964476499734
1712,2022/02/24,18.3478969486358
1713,2022/02/25,17.2766868541162
1714,2022/02/28,17.7105434454293
1715,2022/03/01,16.4947093370643
1716,2022/03/02,16.4301885032569
1717,2022/03/03,16.9028536236014
1718,2022/03/04,16.8612197826924
1719,2022/03/07,20.5912262081723
1720,2022/03/08,22.3780575848805
1721,2022/03/09,24.6340258084487
1722,2022/03/10,21.6040833660685
1723,2022/03/11,22.6471554543237
1724,2022/03/14,27.3705837972605
1725,2022/03/15,34.9497082504099
1726,2022/03/16,27.5074703778828
1727,2022/03/17,24.7648296923716
1728,2022/03/18,24.0510027104645
1729,2022/03/21,23.4956355537509
1730,2022/03/22,22.1315425635598
1731,2022/03/23,20.1362241738353
1732,2022/03/24,19.3424390843574
1733,2022/03/25,21.4406796787778
1734,2022/03/28,22.3792766409202
1735,2022/03/29,22.6448120803831
1736,2022/03/30,20.6186852783805
1737,2022/03/31,20.5339678611413
1738,2022/04/01,20.0012467137529
1739,2022/04/06,19.9192785720959
1740,2022/04/07,20.8877899042423
1741,2022/04/08,20.1394025718821
1742,2022/04/11,23.2910067920014
1743,2022/04/12,21.8751485860405
1744,2022/04/13,21.7523425596862
1745,2022/04/14,20.642910451553
1746,2022/04/15,20.6756475566185
1747,2022/04/18,21.5631207698207
1748,2022/04/19,21.4570328864538
1749,2022/04/20,22.8509618242679
1750,2022/04/21,24.6955031204854
1751,2022/04/22,23.8662228525112
1752,2022/04/25,31.9987765705229
1753,2022/04/26,29.9673779956143
1754,2022/04/27,27.0190203560498
1755,2022/04/28,23.6895654615971
1756,2022/04/29,22.5299698063429
1757,2022/05/05,22.8213371303491
1758,2022/05/06,24.4419391239222
1759,2022/05/09,24.954048842894
1760,2022/05/10,24.715692435933
1761,2022/05/11,23.5552340638139
1762,2022/05/12,24.1302669235211
1763,2022/05/13,23.3169622079792
1764,2022/05/16,23.7049800657823
1765,2022/05/17,22.5683244995683
1766,2022/05/18,21.8792887159582
1767,2022/05/19,21.7473057056771
1768,2022/05/20,21.5229327763094
1769,2022/05/23,20.9953874441969
1770,2022/05/24,21.7447689408729
1771,2022/05/25,20.9370944710559
1772,2022/05/26,20.4019025085369
1773,2022/05/27,19.7535783711386
1774,2022/05/30,20.2277957587763
1775,2022/05/31,20.662845454434
1776,2022/06/01,20.3577245257663
1777,2022/06/02,20.2420186397364
1778,2022/06/06,20.8984107351757
1779,2022/06/07,21.3470980087224
1780,2022/06/08,21.6670159305698
1781,2022/06/09,21.0955990618966
1782,2022/06/10,20.8663773998813
1783,2022/06/13,21.4567851917161
1784,2022/06/14,21.6760915923174
1785,2022/06/15,22.8583420924765
1786,2022/06/16,21.6060334261347
1787,2022/06/17,22.1967219744168
1788,2022/06/20,22.3015130979269
1789,2022/06/21,21.6731897199778
1790,2022/06/22,20.1712554032428
1791,2022/06/23,20.3786196434696
1792,2022/06/24,19.9050649081518
1793,2022/06/27,21.556327096407
1794,2022/06/28,21.7166600097024
1795,2022/06/29,21.5818863663134
1796,2022/06/30,22.7110188821783
1797,2022/07/01,22.3903673350579
1798,2022/07/04,22.6800006755901
1799,2022/07/05,22.6005239115851
1800,2022/07/06,22.3817970051737
1801,2022/07/07,21.8220822882214
1802,2022/07/08,21.1245445736261
1803,2022/07/11,21.5716709993378
1804,2022/07/12,20.9644913039875
1805,2022/07/13,20.6307251499181
1806,2022/07/14,20.291922005663
1807,2022/07/15,20.6745143967079
1808,2022/07/18,21.0432989198679
1809,2022/07/19,20.7881544394938
1810,2022/07/20,20.0355403468598
1811,2022/07/21,20.3235635765311
1812,2022/07/22,19.5859767398254
1813,2022/07/25,20.2186147855315
1814,2022/07/26,19.1280686068547
1815,2022/07/27,19.5170535485177
1816,2022/07/28,19.3290529527769
1817,2022/07/29,20.5727290234721
1818,2022/08/01,20.9476512706372
1819,2022/08/02,24.8947012943437
1820,2022/08/03,22.9647566739183
1821,2022/08/04,20.6792316777213
1822,2022/08/05,19.0573032536364
1823,2022/08/08,19.241484943952
1824,2022/08/09,19.0166935262208
1825,2022/08/10,19.3744422605368
1826,2022/08/11,19.5230980831744
1827,2022/08/12,18.6717908775554
1828,2022/08/15,19.035701268652
1829,2022/08/16,18.6998805822893
1830,2022/08/17,18.4704101156672
1831,2022/08/18,19.0102422980416
1832,2022/08/19,17.8923734655408
1833,2022/08/22,17.6250170015915
1834,2022/08/23,17.0436000807299
1835,2022/08/24,18.4981903830318
1836,2022/08/25,17.5083294840773
1837,2022/08/26,16.5118225113001
1838,2022/08/29,17.4411769290128
1839,2022/08/30,17.0184181866982
1840,2022/08/31,17.2214527954546
1841,2022/09/01,17.4401820954072
1842,2022/09/02,17.9108989615434
1843,2022/09/05,18.7989919676957
1844,2022/09/06,17.5859405937507
1845,2022/09/07,17.4761779313142
1846,2022/09/08,16.9559546954304
1847,2022/09/09,16.4072915166478
1848,2022/09/13,16.69064037098
1849,2022/09/14,16.7894913255861
1850,2022/09/15,17.0458674619404
1851,2022/09/16,18.5236067915576
1852,2022/09/19,18.5060938991311
1853,2022/09/20,18.0154116231524
1854,2022/09/21,19.0242683431951
1855,2022/09/22,18.9960805244164
1856,2022/09/23,18.4468023324124
1857,2022/09/26,19.6891218424089
1858,2022/09/27,18.559713054056
1859,2022/09/28,19.1454102753877
1860,2022/09/29,18.5945823773376
1861,2022/09/30,17.920317953123
1862,2022/10/10,20.1868151340353
1863,2022/10/11,19.8787132165287
1864,2022/10/12,20.259546692223
1865,2022/10/13,20.9164920651014
1866,2022/10/14,19.26361183733
1867,2022/10/17,19.24466347988322
1868,2022/10/18,18.651846968880665
1869,2022/10/19,19.28237050161421
1870,2022/10/20,20.19907926046851
1871,2022/10/21,20.51833886208051
1872,2022/10/24,26.079887508843687
1873,2022/10/25,24.161083627691788
1874,2022/10/26,22.383259518515246
1875,2022/10/27,22.192072479039066
1876,2022/10/28,23.95934617923338
1877,2022/10/31,26.048159446765013
1878,2022/11/01,22.8157871421978
1879,2022/11/02,21.78746442590807
1880,2022/11/03,21.875264876860516
1881,2022/11/04,21.919762873487407
1882,2022/11/07,22.78551114715601
1883,2022/11/08,22.117315850689533
1884,2022/11/09,21.92871290003223
1885,2022/11/10,22.080675241233326
1886,2022/11/11,21.6661765321086
1887,2022/11/14,22.891742260625456
1888,2022/11/15,23.1651667975812
1889,2022/11/16,22.805631376140305
1890,2022/11/17,22.217995105941682
1891,2022/11/18,21.94444532531602
1892,2022/11/21,21.533811894106556
1893,2022/11/22,21.933797785533216
1894,2022/11/23,22.0587940638154
1895,2022/11/24,22.06002794423326
1896,2022/11/25,21.12411437919143
1897,2022/11/28,22.644585106334052
1898,2022/11/29,23.94734854891101
1899,2022/11/30,23.330327433033194
1900,2022/12/01,21.948102752642445
1901,2022/12/02,21.250106696889414
1902,2022/12/05,21.916764545570693
1903,2022/12/06,21.53583429552893
1904,2022/12/07,21.388334862593076
1905,2022/12/08,20.965719597014242
1906,2022/12/09,20.597575511502882
1907,2022/12/12,20.350752809578896
1908,2022/12/13,20.387076388941274
1909,2022/12/14,19.897552225532273
1910,2022/12/15,19.02282679220509
1911,2022/12/16,18.605154225561765
1912,2022/12/19,19.230473116225003
1913,2022/12/20,19.63665123387734
1914,2022/12/21,19.107090377353273
1915,2022/12/22,18.17518993245213
1916,2022/12/23,17.753066921172444
1917,2022/12/26,18.21061170036348
1918,2022/12/27,17.568159230813162
1919,2022/12/28,17.0068513784523
1920,2022/12/29,16.76944107592175
1921,2022/12/30,16.212849352080124
1922,2023/01/03,16.73620221994718
1923,2023/01/04,16.63400517491254
1924,2023/01/05,17.00433605134757
1925,2023/01/06,17.303089476560153
1926,2023/01/09,18.728471268040792
1927,2023/01/10,18.57990635416119
1928,2023/01/11,18.311013250948413
1929,2023/01/12,18.23182042739897
1930,2023/01/13,17.082518158433547
1931,2023/01/16,18.74313866447002
1932,2023/01/17,18.750393249999686
1933,2023/01/18,19.04367265487604
1934,2023/01/19,19.96514020134951
1935,2023/01/20,19.04943186954539
1936,2023/01/30,19.883262294659595
1937,2023/01/31,18.857101334107913
1938,2023/02/01,19.31932705193348
1939,2023/02/02,19.459089268929063
1940,2023/02/03,19.54657057676009
1941,2023/02/06,20.60332054597388
1942,2023/02/07,20.240903927278083
1943,2023/02/08,19.737597738255527
1944,2023/02/09,19.213368455596218
1945,2023/02/10,18.442007196593988
1946,2023/02/13,18.63449790155221
1947,2023/02/14,18.54298732897724
1948,2023/02/15,18.057561907908923
1949,2023/02/16,18.234290599204712
1950,2023/02/17,18.481893012484818
1951,2023/02/20,19.04280508781254
1952,2023/02/21,19.096559592518215
1953,2023/02/22,18.588557894139292
1954,2023/02/23,18.279463067446436
1955,2023/02/24,18.609646473547322
1956,2023/02/27,19.1372053686604
1957,2023/02/28,18.195155424474184
1958,2023/03/01,17.888876159698846
1959,2023/03/02,17.85829313734458
1960,2023/03/03,17.956498853146652
1961,2023/03/06,17.78906389163514
1962,2023/03/07,18.314724148459344
1963,2023/03/08,18.0264871702386
1964,2023/03/09,17.9947269510714
1965,2023/03/10,18.569478964024338
1966,2023/03/13,18.219339757921723
1967,2023/03/14,18.635200274716677
1968,2023/03/15,17.672538267237055
1969,2023/03/16,18.233872674301608
1970,2023/03/17,17.221990046486425
1971,2023/03/20,18.097997247567314
1972,2023/03/21,17.514223077387257
1973,2023/03/22,16.968265540963763
1974,2023/03/23,16.009312920878138
1975,2023/03/24,15.869199822019953
1976,2023/03/27,16.55765029733028
1977,2023/03/28,16.19057367374506
1978,2023/03/29,16.154511204167637
1979,2023/03/30,15.826813485626682
1980,2023/03/31,15.783113873333942
1981,2023/04/03,16.725202255707032
1982,2023/04/04,16.476532088671966
1983,2023/04/06,16.890947700175598
1984,2023/04/07,16.125717132028843
1985,2023/04/10,16.17218139202134
1986,2023/04/11,15.683853923628725
1987,2023/04/12,15.26358182492775
1988,2023/04/13,14.706255779543145
1989,2023/04/14,14.510266129372582
1990,2023/04/17,15.595536227707269
1991,2023/04/18,15.096626740234056
1992,2023/04/19,14.770171716795588
1993,2023/04/20,14.534603998351733
1994,2023/04/21,15.148379250936369
1995,2023/04/24,16.811797405751328
1996,2023/04/25,16.912077793906395
1997,2023/04/26,16.021450600217513
1998,2023/04/27,14.749371264205527
1999,2023/04/28,14.425637594091404
2000,2023/05/04,15.288315970943497
2001,2023/05/05,15.030947780769017
2002,2023/05/08,15.939118524926144
2003,2023/05/09,16.060110291352032
2004,2023/05/10,16.093995974244933
2005,2023/05/11,15.672067135894821
2006,2023/05/12,16.00965910654004
2007,2023/05/15,15.883383618013369
2008,2023/05/16,16.12589405182544
2009,2023/05/17,16.596099805887675
2010,2023/05/18,15.91690240316613
2011,2023/05/19,15.625168575010454
2012,2023/05/22,15.23668879740179
2013,2023/05/23,15.702102621797565
2014,2023/05/24,16.639995410147435
2015,2023/05/25,17.08908373415121
2016,2023/05/26,15.917330552087309
2017,2023/05/29,16.403341985213572
2018,2023/05/30,16.1967587037452
2019,2023/05/31,17.712850599049986
2020,2023/06/01,17.607470384323214
2021,2023/06/02,16.206433774026557
2022,2023/06/05,16.422284364045282
2023,2023/06/06,16.831250865284105
2024,2023/06/07,17.006347016989867
2025,2023/06/08,16.809486556904314
2026,2023/06/09,16.146911083593746
2027,2023/06/12,16.17901683896115
2028,2023/06/13,15.757197307805807
2029,2023/06/14,15.751915325655133
2030,2023/06/15,15.220772874286087
2031,2023/06/16,14.959810474125563
2032,2023/06/19,15.607300144071798
2033,2023/06/20,15.138726171042741
2034,2023/06/21,15.522574798245287
2035,2023/06/26,16.96767534441006
2036,2023/06/27,16.129371519527755
2037,2023/06/28,15.410761716579549
2038,2023/06/29,15.190468820389318
2039,2023/06/30,14.958157042007544
2040,2023/07/03,14.629576075877365
2041,2023/07/04,14.27307768742928
2042,2023/07/05,14.509386992899294
2043,2023/07/06,14.77035205678042
2044,2023/07/07,14.928927730509352
2045,2023/07/10,14.920731749816454
2046,2023/07/11,14.499161532328317
2047,2023/07/12,14.862510731314421
2048,2023/07/13,14.436658470343414
2049,2023/07/14,14.305045157807653
2050,2023/07/17,14.663470557536925
2051,2023/07/18,14.52881451205219
2052,2023/07/19,14.628592999419359
2053,2023/07/20,15.302122631112846
2054,2023/07/21,14.46917588354197
2055,2023/07/24,14.61257237569686
2056,2023/07/25,15.529938416270628
2057,2023/07/26,15.333440147596047
2058,2023/07/27,14.692573239814719
2059,2023/07/28,16.574021104872422
2060,2023/07/31,17.893312286005248
2061,2023/08/01,17.579263154067792
2062,2023/08/02,17.29256361862596
2063,2023/08/03,17.912152628335342
2064,2023/08/04,18.14412985320996
2065,2023/08/07,18.461117132356108
2066,2023/08/08,18.549507768990484
2067,2023/08/09,18.64476125679299
2068,2023/08/10,18.565193533876876
2069,2023/08/11,18.56210026527138
2070,2023/08/14,18.431355752092525
2071,2023/08/15,17.918384911740635
2072,2023/08/16,18.51197269371474
2073,2023/08/17,18.74069841545596
2074,2023/08/18,20.003170657335218
2075,2023/08/21,21.34651642986711
2076,2023/08/22,20.405915707023397
2077,2023/08/23,20.5482214699912
2078,2023/08/24,19.723295610575345
2079,2023/08/25,20.7027078077749
2080,2023/08/28,22.484680914737037
2081,2023/08/29,20.27206805097882
2082,2023/08/30,19.069658931021134
2083,2023/08/31,18.053732616745002
2084,2023/09/01,17.60879298694895
2085,2023/09/04,17.084721040788377
2086,2023/09/05,16.816220463762992
2087,2023/09/06,16.69305549565582
2088,2023/09/07,17.057065890403326
2089,2023/09/08,17.49043763988259
2090,2023/09/11,17.10625447988559
2091,2023/09/12,16.603990203762326
2092,2023/09/13,16.509141131145547
2093,2023/09/14,16.24046726062139
2094,2023/09/15,16.623310433216517
2095,2023/09/18,16.73590105160974
2096,2023/09/19,16.338663058679977
2097,2023/09/20,16.11224226629761
2098,2023/09/21,16.244643151352157
2099,2023/09/22,16.23281677722216
2100,2023/09/25,16.235902505671042
2101,2023/09/26,16.364404280809214
2102,2023/09/27,16.591702049712904
2103,2023/09/28,16.36558591765463
2104,2023/10/09,15.814537228079878
2105,2023/10/10,15.675782212529644
2106,2023/10/11,15.191772269304918
2107,2023/10/12,14.832586616238016
2108,2023/10/13,15.201196050374968
2109,2023/10/16,16.05671409326273
2110,2023/10/17,15.443482745873895
2111,2023/10/18,15.354653036782823
2112,2023/10/19,17.820283664704125
2113,2023/10/20,19.028819452995595
2114,2023/10/23,20.111785537752475
2115,2023/10/24,18.51029023236221
2116,2023/10/25,16.828455835026404
2117,2023/10/26,15.977440672106368
2118,2023/10/27,15.49547505994222
2119,2023/10/30,16.063266476020647
2120,2023/10/31,15.85206368258454
2121,2023/11/01,15.772408835312369
2122,2023/11/02,15.482694122668356
2123,2023/11/03,14.999089883081448
2124,2023/11/06,15.899321865609876
2125,2023/11/07,15.587106779339615
2126,2023/11/08,15.53855565880195
2127,2023/11/09,15.60370657113678
2128,2023/11/10,15.816841794216208
2129,2023/11/13,16.2371731581601
2130,2023/11/14,16.05614057723225
2131,2023/11/15,15.706713555451895
2132,2023/11/16,15.496382948587653
2133,2023/11/17,14.606311038829176
2134,2023/11/20,14.131228204641413
2135,2023/11/21,13.998752545786324
2136,2023/11/22,14.464103601954134
2137,2023/11/23,14.028156231812131
2138,2023/11/24,14.324478395970333
2139,2023/11/27,15.226544237231998
2140,2023/11/28,14.988931142064688
2141,2023/11/29,15.304109344733577
2142,2023/11/30,14.929041688237762
2143,2023/12/01,15.181612332467283
2144,2023/12/04,16.05392781066149
2145,2023/12/05,17.982919398135266
2146,2023/12/06,16.929232923640537
2147,2023/12/07,16.792910189100066
2148,2023/12/08,16.419303953087674
2149,2023/12/11,17.222293877087107
2150,2023/12/12,16.65337970178877
2151,2023/12/13,17.467616253772345
2152,2023/12/14,17.78325466258822
2153,2023/12/15,17.643269237070616
2154,2023/12/18,18.06672751976927
2155,2023/12/19,18.12241141210157
2156,2023/12/20,18.716555569516995
2157,2023/12/21,17.932738915969075
2158,2023/12/22,17.176402880201653
2159,2023/12/25,16.69865529895559
2160,2023/12/26,16.97872075706904
2161,2023/12/27,16.828087972696572
2162,2023/12/28,16.110426106125438
2163,2023/12/29,15.543169838623564
2164,2024/01/02,15.831024995034262
2165,2024/01/03,15.77742544699197
2166,2024/01/04,16.144557649592063
2167,2024/01/05,16.63214591821522
2168,2024/01/08,19.180383274226205
2169,2024/01/09,18.02922679501152
2170,2024/01/10,18.16469139911627
2171,2024/01/11,17.80516895206125
2172,2024/01/12,17.690474599771054
2173,2024/01/15,16.748506237890854
2174,2024/01/16,16.10659977062622
2175,2024/01/17,18.71663641824145
2176,2024/01/18,18.44184538714131
2177,2024/01/19,15.919712469124406
2178,2024/01/22,21.371712576941967
2179,2024/01/23,18.71836991520863
2180,2024/01/24,17.130567538029982
2181,2024/01/25,16.172874820461374
2182,2024/01/26,15.71029969120442
2183,2024/01/29,17.121230021260157
2184,2024/01/30,18.436853456474843
2185,2024/01/31,20.422174137863095
2186,2024/02/01,20.58552388031482
2187,2024/02/02,22.38043256881385
2188,2024/02/05,23.892968257341867
2189,2024/02/06,20.525201691320355
2190,2024/02/07,20.086692810138313
2191,2024/02/08,19.873582721075277
2192,2024/02/19,20.725544167115206
2193,2024/02/20,18.879937941819406
2194,2024/02/21,19.451156243471857
2195,2024/02/22,20.69165207034003
2196,2024/02/23,21.208653443416235
2197,2024/02/26,20.259562573876202
2198,2024/02/27,20.04690214772582
2199,2024/02/28,20.488257521196548
2200,2024/02/29,19.202905636330588
2201,2024/03/01,18.69889864532397
2202,2024/03/04,18.868785854228456
2203,2024/03/05,17.745734647933446
2204,2024/03/06,16.803570319238816
2205,2024/03/07,16.254791130095935
2206,2024/03/08,15.733392520564857
2207,2024/03/11,15.99987355392881
2208,2024/03/12,16.02569834746941
2209,2024/03/13,15.900177501153392
2210,2024/03/14,15.560085137155417
2211,2024/03/15,15.443602071933382
2212,2024/03/18,15.527869570026859
2213,2024/03/19,15.262052688012856
2214,2024/03/20,15.510683117450263
2215,2024/03/21,15.29623788901294
2216,2024/03/22,15.75686174085218
2217,2024/03/25,15.949265630069817
2218,2024/03/26,15.395665640029982
2219,2024/03/27,15.945271582163151
2220,2024/03/28,15.099657219508442
2221,2024/03/29,14.462672218967434
2222,2024/04/01,14.472984902932174
2223,2024/04/02,14.151853640366857
2224,2024/04/03,14.034374639801465
2225,2024/04/08,14.578419339797449
2226,2024/04/09,14.445047949807677
2227,2024/04/10,14.284221685479338
2228,2024/04/11,14.12870224838427
2229,2024/04/12,14.389459848211253
2230,2024/04/15,15.073508684746303
2231,2024/04/16,15.7571720792949
2232,2024/04/17,14.989216723957622
2233,2024/04/18,15.210443021655577
2234,2024/04/19,15.268745724579597
2235,2024/04/22,15.107305966846575
2236,2024/04/23,14.709813623224083
2237,2024/04/24,14.46221518646247
2238,2024/04/25,13.938145359450422
2239,2024/04/26,14.50610612675756
2240,2024/04/29,15.626016132770756
2241,2024/04/30,14.439735813555748
2242,2024/05/06,15.073333422487892
2243,2024/05/07,14.848373368763736
2244,2024/05/08,14.45554695080838
2245,2024/05/09,14.652835811574846
2246,2024/05/10,14.456079710280612
2247,2024/05/13,14.585345376781003
2248,2024/05/14,14.459062164465411
2249,2024/05/15,14.419352321003387
2250,2024/05/16,13.893414962513917
2251,2024/05/17,14.444646028061955
2252,2024/05/20,13.75524264924302
2253,2024/05/21,13.24825994420091
2254,2024/05/22,13.148164416997684
2255,2024/05/23,13.386080536242472
2256,2024/05/24,14.084970399549501
2257,2024/05/27,13.420208126957364
2258,2024/05/28,13.30893231872398
2259,2024/05/29,13.294975026698008
2260,2024/05/30,13.458333980289156
2261,2024/05/31,13.2981855771727
2262,2024/06/03,13.453138306204208
2263,2024/06/04,13.185700715938598
2264,2024/06/05,13.287554254158227
2265,2024/06/06,13.51653511405696
2266,2024/06/07,13.617084244252869
2267,2024/06/11,14.458921453460146
2268,2024/06/12,13.928000525497794
2269,2024/06/13,13.550317638054887
2270,2024/06/14,13.335552834001616
2271,2024/06/17,13.751965626829756
2272,2024/06/18,13.726892944651267
2273,2024/06/19,13.57800540293486
2274,2024/06/20,13.728025081744107
2275,2024/06/21,12.849221497121135
2276,2024/06/24,13.128548459341413
2277,2024/06/25,13.985935449587295
2278,2024/06/26,13.247791381450625
2279,2024/06/27,13.093894748463228
2280,2024/06/28,12.416763217227397
2281,2024/07/01,12.400477476362036
2282,2024/07/02,11.873411163587146
2283,2024/07/03,11.636839284612712
2284,2024/07/04,11.635291801534732
2285,2024/07/05,12.533677317529698
2286,2024/07/08,13.448197154348165
2287,2024/07/09,12.96184908877008
2288,2024/07/10,12.751394088473628
2289,2024/07/11,12.49208543208847
2290,2024/07/12,12.014566547271608
2291,2024/07/15,11.952848282186649
2292,2024/07/16,11.8289481737778
2293,2024/07/17,12.145819321809855
2294,2024/07/18,12.564318507832297
2295,2024/07/19,12.238903519644664
2296,2024/07/22,12.063830380095515
2297,2024/07/23,11.889283642915325
2298,2024/07/24,12.148615649103265
2299,2024/07/25,13.617038165771142
2300,2024/07/26,13.360945213138603
2301,2024/07/29,13.779918551984386
2302,2024/07/30,14.126871326953042
2303,2024/07/31,13.219098620030495
2304,2024/08/01,13.210654575038763
2305,2024/08/02,14.073750507055463
2306,2024/08/05,17.238961330348783
2307,2024/08/06,16.470541953142483
2308,2024/08/07,14.730728788547781
2309,2024/08/08,13.753403237520232
2310,2024/08/09,13.434280168905218
2311,2024/08/12,13.419687312748518
2312,2024/08/13,13.535451089719253
2313,2024/08/14,13.658899195742261
2314,2024/08/15,13.15868086956134
2315,2024/08/16,13.035553423096962
2316,2024/08/19,13.108512006704572
2317,2024/08/20,13.006399367018215
2318,2024/08/21,13.117321929124257
2319,2024/08/22,13.25266790847743
2320,2024/08/23,12.602601129268672
2321,2024/08/26,12.748515650677797
2322,2024/08/27,12.460393479930225
2323,2024/08/28,12.706168345976046
2324,2024/08/29,12.431593759095096
2325,2024/08/30,12.150666043139127
2326,2024/09/02,13.09593611537066
2327,2024/09/03,12.910686205764343
2328,2024/09/04,13.577912111383828
2329,2024/09/05,13.394097705798538
2330,2024/09/06,12.844643575731507
2331,2024/09/09,14.526347215658673
2332,2024/09/10,15.058776418592041
2333,2024/09/11,15.470328179671174
2334,2024/09/12,14.500625345309215
2335,2024/09/13,13.674686186239207
2336,2024/09/18,14.269123662152383
2337,2024/09/19,13.70111246219966
2338,2024/09/20,12.577912823093845
2339,2024/09/23,12.473197881865158
2340,2024/09/24,16.147212317543712
2341,2024/09/25,17.41941580698388
2342,2024/09/26,24.693439407665945
2343,2024/09/27,29.902349007412106
2344,2024/09/30,39.65131026170477
2345,2024/10/08,58.534749502678075
2346,2024/10/09,40.646886873082366
2347,2024/10/10,36.14322777758221
2348,2024/10/11,36.34949599512743
2349,2024/10/14,30.126708136097193
2350,2024/10/15,23.402957089714928
2351,2024/10/16,24.191021255914023
2352,2024/10/17,23.60391017172167
2353,2024/10/18,30.873833154096058
2354,2024/10/21,32.25130937612773
2355,2024/10/22,30.033725882012934
2356,2024/10/23,25.990818098662643
2357,2024/10/24,25.05905290000016
2358,2024/10/25,26.552670821277136
2359,2024/10/28,28.42864110029221
2360,2024/10/29,27.582823523848603
2361,2024/10/30,28.899215708152298
2362,2024/10/31,31.070885405765196
